;ENGLISH;POLISH;RUSSIAN;FRENCH;GERMAN;SPANISH;BRASILIAN;CHINESE_SP;JAPANESE;KOREAN
gui/menu/research/name/supercooling_lvl_2;Super Cooling - Level 2;;;;Maximalkühlung - Level 2;;;;;
gui/menu/research/description/supercooling_lvl_2;Through the progressive research of these plants, it is possible to achieve higher productivity in coolant production.;;;;Durch die fortschreitende Erforschung dieser Pflanzen ist es möglich eine höhere Produktivität in der Kühlmittelproduktion zu erreichen.;;;;;
gui/menu/research/name/supercooling_lvl_3;Super Cooling - Level 3;;;;Maximalkühlung - Level 3;;;;;
gui/menu/research/description/supercooling_lvl_3;Through the progressive research of these plants, it is possible to achieve higher productivity in coolant production.;;;;Durch die fortschreitende Erforschung dieser Pflanzen ist es möglich eine höhere Produktivität in der Kühlmittelproduktion zu erreichen.;;;;;
gui/menu/research/name/ionizer_lvl_2;Solid State Ionization - Level 2;;;;Festkörper-Ionisierung - Level 2;;;;;
gui/menu/research/description/ionizer_lvl_2;By improving this technology, the Riftbreaker will be able to effectively increase the delivery of highly charged plasma.;;;;Durch die Verbesserung dieser Technologie wird es dem Riftbreaker möglich sein, die Förderung von hochaufgeladenem Plasma effektiv zu steigern.;;;;;
gui/menu/research/name/ionizer_lvl_3;Solid State Ionization - Level 3;;;;Festkörper-Ionisierung - Level 3;;;;;
gui/menu/research/description/ionizer_lvl_3;By improving this technology, the Riftbreaker will be able to effectively increase the delivery of highly charged plasma.;;;;Durch die Verbesserung dieser Technologie wird es dem Riftbreaker möglich sein, die Förderung von hochaufgeladenem Plasma effektiv zu steigern.;;;;;
