;ENGLISH;POLISH;RUSSIAN;FRENCH;GERMAN;SPANISH;BRASILIAN;CHINESE_SP;JAPANESE;KOREAN
gui/menu/research/name/cryo_technology_lvl_2;Cryo Technology - Level 2;;;;Cryo-Technologie - Level 2;;;;;
gui/menu/research/description/cryo_technology_lvl_2;Further development of this research will facilitate the establishment of a base in the magma biome.;;;;Die Weiterentwicklung dieser Forschung erleichtert den Aufbau einer Basis im Magma-Biome.;;;;;
gui/menu/research/name/cryo_technology_lvl_3;Cryo Technology - Level 3;;;;Cryo-Technologie - Level 3;;;;;
gui/menu/research/description/cryo_technology_lvl_3;Further development of this research will facilitate the establishment of a base in the magma biome.;;;;Die Weiterentwicklung dieser Forschung erleichtert den Aufbau einer Basis im Magma-Biome.;;;;;
