;ENGLISH;POLISH;RUSSIAN;FRENCH;GERMAN;SPANISH;BRASILIAN;CHINESE_SP;JAPANESE;KOREAN
gui/menu/research/category_mod;Mods;;;;Mods;;;;;
gui/menu/research/category_mod_tower;Defensive Towers;;;;Abwehrtürme;;;;;
gui/menu/research/name/bio_composter_lvl_2;Bio Composter - Level 2;;;;Biokomposter - Level 2;;;;;
gui/menu/research/name/bio_composter_lvl_2;Bio Composter - Level 3;;;;Biokomposter - Level 2;;;;;
gui/menu/research/description/bio_composter_lvl_2;This research improves the efficiency of the biocomposter.;;;;Durch diese Forschung verbessert sich die Leistung des Biokomposters.;;;;;
gui/menu/research/description/bio_composter_lvl_2;This research improves the efficiency of the biocomposter.;;;;Durch diese Forschung verbessert sich die Leistung des Biokomposters.;;;;;
